epoch,param_name,mean,variance
1,lstm.weight_ih_l0,0.012909278273582458,0.005509008187800646
1,lstm.weight_hh_l0,0.003208484034985304,0.006385055370628834
1,lstm.bias_ih_l0,0.028536679223179817,0.006610679440200329
1,lstm.bias_hh_l0,0.03447418659925461,0.005628812592476606
1,lstm.weight_ih_l1,0.0031945861410349607,0.006584382615983486
1,lstm.weight_hh_l1,0.008378834463655949,0.0063023255206644535
1,lstm.bias_ih_l1,0.03038986213505268,0.005787761881947517
1,lstm.bias_hh_l1,0.026738997548818588,0.005785188637673855
1,fc.0.weight,0.013581832870841026,0.016297120600938797
1,fc.0.bias,0.046734102070331573,0.006041357293725014
1,fc.3.weight,0.07214712351560593,0.025479894131422043
1,fc.3.bias,0.09527342766523361,0.0
2,lstm.weight_ih_l0,0.05058465525507927,0.00889260321855545
2,lstm.weight_hh_l0,0.0004389967944007367,0.005434788763523102
2,lstm.bias_ih_l0,0.002206082222983241,0.0055778962559998035
2,lstm.bias_hh_l0,0.0080852210521698,0.004989653825759888
2,lstm.weight_ih_l1,0.003848894964903593,0.008000003173947334
2,lstm.weight_hh_l1,0.0031701147090643644,0.005851104389876127
2,lstm.bias_ih_l1,0.022269967943429947,0.005991942249238491
2,lstm.bias_hh_l1,0.01863497495651245,0.00601191446185112
2,fc.0.weight,0.026317797601222992,0.039356499910354614
2,fc.0.bias,0.08160059154033661,0.015321253798902035
2,fc.3.weight,0.12766671180725098,0.04884956032037735
2,fc.3.bias,0.11127136647701263,0.0
3,lstm.weight_ih_l0,0.04883984476327896,0.009305432438850403
3,lstm.weight_hh_l0,-0.0005258848541416228,0.005021222867071629
3,lstm.bias_ih_l0,-0.008736519142985344,0.005592037923634052
3,lstm.bias_hh_l0,-0.0028773685917258263,0.005078411661088467
3,lstm.weight_ih_l1,0.005510581657290459,0.009455006569623947
3,lstm.weight_hh_l1,0.002445414662361145,0.005709990859031677
3,lstm.bias_ih_l1,0.01926080323755741,0.006078951992094517
3,lstm.bias_hh_l1,0.01564827933907509,0.006125699728727341
3,fc.0.weight,0.03225076198577881,0.04764028266072273
3,fc.0.bias,0.10208378732204437,0.017323821783065796
3,fc.3.weight,0.15173883736133575,0.05451597273349762
3,fc.3.bias,0.1253102570772171,0.0
4,lstm.weight_ih_l0,0.04776491969823837,0.009700411930680275
4,lstm.weight_hh_l0,-0.0009291693568229675,0.0048799943178892136
4,lstm.bias_ih_l0,-0.01231548935174942,0.005600678268820047
4,lstm.bias_hh_l0,-0.006467536091804504,0.005104419309645891
4,lstm.weight_ih_l1,0.00675076711922884,0.010471518151462078
4,lstm.weight_hh_l1,0.001782344887033105,0.005606424063444138
4,lstm.bias_ih_l1,0.017163708806037903,0.006254115141928196
4,lstm.bias_hh_l1,0.013569464907050133,0.006333763711154461
4,fc.0.weight,0.03717971593141556,0.0544666089117527
4,fc.0.bias,0.12286761403083801,0.022427255287766457
4,fc.3.weight,0.17134808003902435,0.05662918463349342
4,fc.3.bias,0.13759581744670868,0.0
5,lstm.weight_ih_l0,0.04807143285870552,0.010341865941882133
5,lstm.weight_hh_l0,-0.0011646620696410537,0.00487949512898922
5,lstm.bias_ih_l0,-0.013668742030858994,0.005658535286784172
5,lstm.bias_hh_l0,-0.00782637856900692,0.0051390198059380054
5,lstm.weight_ih_l1,0.008092663250863552,0.011074286885559559
5,lstm.weight_hh_l1,0.001637859852053225,0.005562933627516031
5,lstm.bias_ih_l1,0.016792576760053635,0.006294929422438145
5,lstm.bias_hh_l1,0.013213824480772018,0.0063687474466860294
5,fc.0.weight,0.03846104443073273,0.05660388246178627
5,fc.0.bias,0.12702715396881104,0.023841794580221176
5,fc.3.weight,0.17590036988258362,0.05788841471076012
5,fc.3.bias,0.1528933048248291,0.0
6,lstm.weight_ih_l0,0.047645337879657745,0.010683026164770126
6,lstm.weight_hh_l0,-0.0012813349021598697,0.004847913980484009
6,lstm.bias_ih_l0,-0.015545952133834362,0.005623561330139637
6,lstm.bias_hh_l0,-0.009707983583211899,0.005116623360663652
6,lstm.weight_ih_l1,0.008547984063625336,0.011373911052942276
6,lstm.weight_hh_l1,0.0015473675448447466,0.005533149000257254
6,lstm.bias_ih_l1,0.01653176173567772,0.006346686743199825
6,lstm.bias_hh_l1,0.01296612061560154,0.0064092352986335754
6,fc.0.weight,0.03931455686688423,0.05700550228357315
6,fc.0.bias,0.12893801927566528,0.023799464106559753
6,fc.3.weight,0.17871831357479095,0.057531848549842834
6,fc.3.bias,0.17155125737190247,0.0
7,lstm.weight_ih_l0,0.04636240750551224,0.010977676138281822
7,lstm.weight_hh_l0,-0.0015584438806399703,0.00476685119792819
7,lstm.bias_ih_l0,-0.018207091838121414,0.005629022140055895
7,lstm.bias_hh_l0,-0.01237182691693306,0.0052687195129692554
7,lstm.weight_ih_l1,0.008551172912120819,0.011891749687492847
7,lstm.weight_hh_l1,0.0012191401328891516,0.005444380454719067
7,lstm.bias_ih_l1,0.015407158061861992,0.006429995875805616
7,lstm.bias_hh_l1,0.01185216661542654,0.006497029215097427
7,fc.0.weight,0.041216880083084106,0.05920059606432915
7,fc.0.bias,0.13778728246688843,0.02472466044127941
7,fc.3.weight,0.18641237914562225,0.057101715356111526
7,fc.3.bias,0.19206203520298004,0.0
8,lstm.weight_ih_l0,0.04729972779750824,0.011339958757162094
8,lstm.weight_hh_l0,-0.0016333137173205614,0.004712208639830351
8,lstm.bias_ih_l0,-0.019969703629612923,0.005725540220737457
8,lstm.bias_hh_l0,-0.014134157449007034,0.005294209346175194
8,lstm.weight_ih_l1,0.008721528574824333,0.012174539268016815
8,lstm.weight_hh_l1,0.000776139204390347,0.00536864111199975
8,lstm.bias_ih_l1,0.014545942656695843,0.006546247284859419
8,lstm.bias_hh_l1,0.01099885068833828,0.006606038194149733
8,fc.0.weight,0.04168078303337097,0.060042060911655426
8,fc.0.bias,0.14097893238067627,0.025724630802869797
8,fc.3.weight,0.18857964873313904,0.05742531269788742
8,fc.3.bias,0.215116947889328,0.0
9,lstm.weight_ih_l0,0.04640230908989906,0.011636998504400253
9,lstm.weight_hh_l0,-0.0019093608716502786,0.004742437042295933
9,lstm.bias_ih_l0,-0.02113533951342106,0.005817843601107597
9,lstm.bias_hh_l0,-0.015297511592507362,0.005352219566702843
9,lstm.weight_ih_l1,0.009313380345702171,0.012744416482746601
9,lstm.weight_hh_l1,0.0010109007125720382,0.005374998319894075
9,lstm.bias_ih_l1,0.014958838932216167,0.006665131077170372
9,lstm.bias_hh_l1,0.011416682973504066,0.006738812662661076
9,fc.0.weight,0.043047066777944565,0.060897428542375565
9,fc.0.bias,0.14866439998149872,0.025522848591208458
9,fc.3.weight,0.19430109858512878,0.05638536810874939
9,fc.3.bias,0.24257977306842804,0.0
10,lstm.weight_ih_l0,0.044862762093544006,0.011934202164411545
10,lstm.weight_hh_l0,-0.002044256078079343,0.004717206582427025
10,lstm.bias_ih_l0,-0.02290664054453373,0.0058554369024932384
10,lstm.bias_hh_l0,-0.01706668734550476,0.005325481295585632
10,lstm.weight_ih_l1,0.009266018867492676,0.012980706058442593
10,lstm.weight_hh_l1,0.0006316748913377523,0.005361531861126423
10,lstm.bias_ih_l1,0.013324137777090073,0.006832440383732319
10,lstm.bias_hh_l1,0.009783772751688957,0.006918520666658878
10,fc.0.weight,0.04386947304010391,0.061687156558036804
10,fc.0.bias,0.15440966188907623,0.026936881244182587
10,fc.3.weight,0.1981043815612793,0.05595625191926956
10,fc.3.bias,0.2726914584636688,0.0
11,lstm.weight_ih_l0,0.04536105692386627,0.012286964803934097
11,lstm.weight_hh_l0,-0.0020059950184077024,0.0047305310145020485
11,lstm.bias_ih_l0,-0.024509135633707047,0.005975103937089443
11,lstm.bias_hh_l0,-0.018671654164791107,0.0055552078410983086
11,lstm.weight_ih_l1,0.008987931534647942,0.013356220908463001
11,lstm.weight_hh_l1,0.000445103389210999,0.00531107559800148
11,lstm.bias_ih_l1,0.012140044942498207,0.00688040629029274
11,lstm.bias_hh_l1,0.008598723448812962,0.006971051916480064
11,fc.0.weight,0.0440744049847126,0.0623650923371315
11,fc.0.bias,0.15592463314533234,0.02782864309847355
11,fc.3.weight,0.20064640045166016,0.05596988648176193
11,fc.3.bias,0.3086400628089905,0.0
12,lstm.weight_ih_l0,0.04554162919521332,0.012076161801815033
12,lstm.weight_hh_l0,-0.0020987666212022305,0.004685277119278908
12,lstm.bias_ih_l0,-0.02663271501660347,0.006037600804120302
12,lstm.bias_hh_l0,-0.020797794684767723,0.005686276126652956
12,lstm.weight_ih_l1,0.009430864825844765,0.0135998809710145
12,lstm.weight_hh_l1,0.0006331832846626639,0.005300771910697222
12,lstm.bias_ih_l1,0.012567592784762383,0.00695616751909256
12,lstm.bias_hh_l1,0.009022464044392109,0.0070638470351696014
12,fc.0.weight,0.046073175966739655,0.06367983669042587
12,fc.0.bias,0.16599133610725403,0.027837496250867844
12,fc.3.weight,0.2087027132511139,0.0544862225651741
12,fc.3.bias,0.34653252363204956,0.0
13,lstm.weight_ih_l0,0.04567001760005951,0.012516921386122704
13,lstm.weight_hh_l0,-0.0021107825450599194,0.004743384197354317
13,lstm.bias_ih_l0,-0.027125626802444458,0.006124783772975206
13,lstm.bias_hh_l0,-0.021293846890330315,0.00574096105992794
13,lstm.weight_ih_l1,0.009680137038230896,0.013742117211222649
13,lstm.weight_hh_l1,0.0003511674585752189,0.00529442448168993
13,lstm.bias_ih_l1,0.010595852509140968,0.00693702744320035
13,lstm.bias_hh_l1,0.007044115569442511,0.0070853522047400475
13,fc.0.weight,0.04635962098836899,0.06430278718471527
13,fc.0.bias,0.16793882846832275,0.02864542230963707
13,fc.3.weight,0.21168449521064758,0.05386572331190109
13,fc.3.bias,0.3869108557701111,0.0
14,lstm.weight_ih_l0,0.04534365236759186,0.012709301896393299
14,lstm.weight_hh_l0,-0.0021510643418878317,0.004779081791639328
14,lstm.bias_ih_l0,-0.029373284429311752,0.006249579600989819
14,lstm.bias_hh_l0,-0.023545734584331512,0.006001049652695656
14,lstm.weight_ih_l1,0.009887922555208206,0.01390976645052433
14,lstm.weight_hh_l1,0.0003306588623672724,0.005324908997863531
14,lstm.bias_ih_l1,0.010392151772975922,0.007104669697582722
14,lstm.bias_hh_l1,0.00683166878297925,0.007253490854054689
14,fc.0.weight,0.04642144590616226,0.06431946158409119
14,fc.0.bias,0.16912224888801575,0.029224149882793427
14,fc.3.weight,0.21290086209774017,0.05347096547484398
14,fc.3.bias,0.4345051348209381,0.0
15,lstm.weight_ih_l0,0.04526103287935257,0.012995166704058647
15,lstm.weight_hh_l0,-0.0020930832251906395,0.0046999817714095116
15,lstm.bias_ih_l0,-0.029462691396474838,0.0062764231115579605
15,lstm.bias_hh_l0,-0.023639261722564697,0.005982381757348776
15,lstm.weight_ih_l1,0.00997152365744114,0.01410531997680664
15,lstm.weight_hh_l1,0.0003245524421799928,0.005319871008396149
15,lstm.bias_ih_l1,0.010170536115765572,0.007180617656558752
15,lstm.bias_hh_l1,0.006599959451705217,0.007344227749854326
15,fc.0.weight,0.04654025286436081,0.06421414017677307
15,fc.0.bias,0.17026466131210327,0.029403764754533768
15,fc.3.weight,0.21318787336349487,0.05326346307992935
15,fc.3.bias,0.4871833324432373,0.0
16,lstm.weight_ih_l0,0.045209966599941254,0.013158107176423073
16,lstm.weight_hh_l0,-0.002113461960107088,0.004654533229768276
16,lstm.bias_ih_l0,-0.029453538358211517,0.006374659948050976
16,lstm.bias_hh_l0,-0.023633064702153206,0.006143148988485336
16,lstm.weight_ih_l1,0.010153785347938538,0.014386815018951893
16,lstm.weight_hh_l1,0.0004862940404564142,0.00526539608836174
16,lstm.bias_ih_l1,0.010255247354507446,0.007117595989257097
16,lstm.bias_hh_l1,0.0066793193109333515,0.007285738829523325
16,fc.0.weight,0.046621352434158325,0.06427273899316788
16,fc.0.bias,0.17062528431415558,0.029392199590802193
16,fc.3.weight,0.21348018944263458,0.05325052887201309
16,fc.3.bias,0.5156682729721069,0.0
17,lstm.weight_ih_l0,0.04714280739426613,0.0135117769241333
17,lstm.weight_hh_l0,-0.0019231969490647316,0.004670888185501099
17,lstm.bias_ih_l0,-0.028456807136535645,0.006316482089459896
17,lstm.bias_hh_l0,-0.02263927273452282,0.006061620078980923
17,lstm.weight_ih_l1,0.010115806944668293,0.014651451259851456
17,lstm.weight_hh_l1,0.0005424300907179713,0.005225071217864752
17,lstm.bias_ih_l1,0.009999028407037258,0.007061758078634739
17,lstm.bias_hh_l1,0.006417031399905682,0.007229724898934364
17,fc.0.weight,0.04697991535067558,0.06501699984073639
17,fc.0.bias,0.1716741919517517,0.029474137350916862
17,fc.3.weight,0.21494713425636292,0.05377883464097977
17,fc.3.bias,0.5514229536056519,0.0
18,lstm.weight_ih_l0,0.047762125730514526,0.013525214977562428
18,lstm.weight_hh_l0,-0.0019186018034815788,0.004676570184528828
18,lstm.bias_ih_l0,-0.029039427638053894,0.006258861161768436
18,lstm.bias_hh_l0,-0.023225082084536552,0.006034549325704575
18,lstm.weight_ih_l1,0.009598982520401478,0.014426561072468758
18,lstm.weight_hh_l1,0.00032750205718912184,0.005222805310040712
18,lstm.bias_ih_l1,0.009770826436579227,0.0071408916264772415
18,lstm.bias_hh_l1,0.006182052660733461,0.007316747680306435
18,fc.0.weight,0.046953704208135605,0.0648336410522461
18,fc.0.bias,0.1722375452518463,0.02942492812871933
18,fc.3.weight,0.2148565649986267,0.05359600856900215
18,fc.3.bias,0.585300862789154,0.0
19,lstm.weight_ih_l0,0.04826608672738075,0.013841324485838413
19,lstm.weight_hh_l0,-0.0018400026019662619,0.004661169834434986
19,lstm.bias_ih_l0,-0.027595845982432365,0.00627395324409008
19,lstm.bias_hh_l0,-0.02178509533405304,0.00602263119071722
19,lstm.weight_ih_l1,0.009822987951338291,0.014713219366967678
19,lstm.weight_hh_l1,0.0004773081454914063,0.005177702754735947
19,lstm.bias_ih_l1,0.009625549428164959,0.007119046524167061
19,lstm.bias_hh_l1,0.006029908545315266,0.007260951213538647
19,fc.0.weight,0.04718257486820221,0.06499936431646347
19,fc.0.bias,0.1726917177438736,0.02912423387169838
19,fc.3.weight,0.21546077728271484,0.05382460728287697
19,fc.3.bias,0.6191957592964172,0.0
20,lstm.weight_ih_l0,0.048369262367486954,0.013890759088099003
20,lstm.weight_hh_l0,-0.0017841578228399158,0.004671079572290182
20,lstm.bias_ih_l0,-0.02808159776031971,0.006247219629585743
20,lstm.bias_hh_l0,-0.022274866700172424,0.0061318641528487206
20,lstm.weight_ih_l1,0.00969722867012024,0.01466736476868391
20,lstm.weight_hh_l1,0.0003963464987464249,0.005180721636861563
20,lstm.bias_ih_l1,0.00964399054646492,0.007160607259720564
20,lstm.bias_hh_l1,0.006041794084012508,0.007310787681490183
20,fc.0.weight,0.04723834991455078,0.06501659750938416
20,fc.0.bias,0.17333169281482697,0.029128357768058777
20,fc.3.weight,0.21578091382980347,0.05388913303613663
20,fc.3.bias,0.6544682383537292,0.0
21,lstm.weight_ih_l0,0.049074139446020126,0.013917320407927036
21,lstm.weight_hh_l0,-0.0017601709114387631,0.004624636378139257
21,lstm.bias_ih_l0,-0.028272991999983788,0.006321837659925222
21,lstm.bias_hh_l0,-0.022469911724328995,0.006186631973832846
21,lstm.weight_ih_l1,0.009640170261263847,0.01471624244004488
21,lstm.weight_hh_l1,0.0004631565825548023,0.005177765153348446
21,lstm.bias_ih_l1,0.009422891773283482,0.007199174724519253
21,lstm.bias_hh_l1,0.005814647767692804,0.0073589785024523735
21,fc.0.weight,0.04724721238017082,0.06482671946287155
21,fc.0.bias,0.1736598163843155,0.029079334810376167
21,fc.3.weight,0.2157827615737915,0.053693078458309174
21,fc.3.bias,0.693037211894989,0.0
22,lstm.weight_ih_l0,0.04916045442223549,0.014066309668123722
22,lstm.weight_hh_l0,-0.00174432760104537,0.004634431097656488
22,lstm.bias_ih_l0,-0.028704822063446045,0.0062867216765880585
22,lstm.bias_hh_l0,-0.022904710844159126,0.006060699466615915
22,lstm.weight_ih_l1,0.009343026205897331,0.01459389366209507
22,lstm.weight_hh_l1,0.0003156894235871732,0.005171238444745541
22,lstm.bias_ih_l1,0.008899468928575516,0.007235477678477764
22,lstm.bias_hh_l1,0.005285800900310278,0.0073970602825284
22,fc.0.weight,0.04726879298686981,0.06467606127262115
22,fc.0.bias,0.17411309480667114,0.029036620631814003
22,fc.3.weight,0.21579568088054657,0.05352964252233505
22,fc.3.bias,0.7355417013168335,0.0
23,lstm.weight_ih_l0,0.049586158245801926,0.014120162464678288
23,lstm.weight_hh_l0,-0.0017084719147533178,0.004609769210219383
23,lstm.bias_ih_l0,-0.028045501559972763,0.00623500719666481
23,lstm.bias_hh_l0,-0.022247014567255974,0.006013111211359501
23,lstm.weight_ih_l1,0.009238488972187042,0.014644308015704155
23,lstm.weight_hh_l1,0.00036244362127035856,0.005158900748938322
23,lstm.bias_ih_l1,0.009028800763189793,0.007215550635010004
23,lstm.bias_hh_l1,0.0054123555310070515,0.007380599621683359
23,fc.0.weight,0.04726381227374077,0.06455974280834198
23,fc.0.bias,0.17420120537281036,0.02895304188132286
23,fc.3.weight,0.21579737961292267,0.053472358733415604
23,fc.3.bias,0.758171796798706,0.0
24,lstm.weight_ih_l0,0.049101389944553375,0.01408199593424797
24,lstm.weight_hh_l0,-0.0017353512812405825,0.004582440946251154
24,lstm.bias_ih_l0,-0.027948984876275063,0.006268832366913557
24,lstm.bias_hh_l0,-0.022152375429868698,0.006023203022778034
24,lstm.weight_ih_l1,0.009197946637868881,0.014606690034270287
24,lstm.weight_hh_l1,0.00036762788658961654,0.005134047474712133
24,lstm.bias_ih_l1,0.00895683467388153,0.007190336473286152
24,lstm.bias_hh_l1,0.005337378941476345,0.007365800440311432
24,fc.0.weight,0.04717462509870529,0.06426859647035599
24,fc.0.bias,0.174097940325737,0.028827134519815445
24,fc.3.weight,0.21547240018844604,0.053224701434373856
24,fc.3.bias,0.783027172088623,0.0
25,lstm.weight_ih_l0,0.04970817640423775,0.014168929308652878
25,lstm.weight_hh_l0,-0.00170090701431036,0.00460051279515028
25,lstm.bias_ih_l0,-0.02779744565486908,0.006272410042583942
25,lstm.bias_hh_l0,-0.0220029279589653,0.006018618121743202
25,lstm.weight_ih_l1,0.009178063832223415,0.014662135392427444
25,lstm.weight_hh_l1,0.00046678000944666564,0.005149150267243385
25,lstm.bias_ih_l1,0.009245725348591805,0.007192031480371952
25,lstm.bias_hh_l1,0.005623312201350927,0.007361351978033781
25,fc.0.weight,0.04734824597835541,0.06455323100090027
25,fc.0.bias,0.17471614480018616,0.02889757603406906
25,fc.3.weight,0.2160973697900772,0.05338619649410248
25,fc.3.bias,0.8090136647224426,0.0
26,lstm.weight_ih_l0,0.04964533820748329,0.014240320771932602
26,lstm.weight_hh_l0,-0.0016983788227662444,0.0045911045745015144
26,lstm.bias_ih_l0,-0.02748654969036579,0.006274777464568615
26,lstm.bias_hh_l0,-0.021694205701351166,0.006095475051552057
26,lstm.weight_ih_l1,0.009173317812383175,0.014695017598569393
26,lstm.weight_hh_l1,0.0004475469468161464,0.005129724275320768
26,lstm.bias_ih_l1,0.008870789781212807,0.007157411426305771
26,lstm.bias_hh_l1,0.005245508626103401,0.007330508902668953
26,fc.0.weight,0.047353073954582214,0.06444093585014343
26,fc.0.bias,0.17458036541938782,0.028735043480992317
26,fc.3.weight,0.21609459817409515,0.053288646042346954
26,fc.3.bias,0.834141194820404,0.0
1,lstm.weight_ih_l0,0.0029047694988548756,0.007440556306391954
1,lstm.weight_hh_l0,0.0005434051272459328,0.00561519805341959
1,lstm.bias_ih_l0,0.006667559966444969,0.00553235225379467
1,lstm.bias_hh_l0,0.01262167189270258,0.004958180710673332
1,lstm.weight_ih_l1,0.001130419783294201,0.005916059948503971
1,lstm.weight_hh_l1,0.0018847417086362839,0.005625429097563028
1,lstm.bias_ih_l1,0.015401700511574745,0.005269316025078297
1,lstm.bias_hh_l1,0.011757975444197655,0.005137759726494551
1,fc.0.weight,-0.000280390668194741,0.0053952159360051155
1,fc.0.bias,0.019653886556625366,0.004011033568531275
1,fc.3.weight,-0.014392823912203312,0.011364750564098358
1,fc.3.bias,0.045400600880384445,0.0
2,lstm.weight_ih_l0,0.0033284183591604233,0.007991285994648933
2,lstm.weight_hh_l0,0.0003414035600144416,0.005324263125658035
2,lstm.bias_ih_l0,0.004477181471884251,0.005442475900053978
2,lstm.bias_hh_l0,0.010394257493317127,0.004888457711786032
2,lstm.weight_ih_l1,0.0007896890747360885,0.005847923457622528
2,lstm.weight_hh_l1,0.001528814435005188,0.0054678237065672874
2,lstm.bias_ih_l1,0.01407184824347496,0.005215860903263092
2,lstm.bias_hh_l1,0.010441189631819725,0.005131367594003677
2,fc.0.weight,-0.00032634922536090016,0.0054883770644664764
2,fc.0.bias,0.021292628720402718,0.0039761848747730255
2,fc.3.weight,-0.015890123322606087,0.011201051995158195
2,fc.3.bias,0.05419668182730675,0.0
3,lstm.weight_ih_l0,0.0028884022030979395,0.008378863334655762
3,lstm.weight_hh_l0,0.0001953713217517361,0.005061151459813118
3,lstm.bias_ih_l0,0.0032066728454083204,0.005384853575378656
3,lstm.bias_hh_l0,0.009081312455236912,0.00483250617980957
3,lstm.weight_ih_l1,0.0006697549833916128,0.005714052356779575
3,lstm.weight_hh_l1,0.0014167613117024302,0.005296541377902031
3,lstm.bias_ih_l1,0.013669842854142189,0.005176987498998642
3,lstm.bias_hh_l1,0.010056320577859879,0.005105047486722469
3,fc.0.weight,-0.00021684449166059494,0.005567117594182491
3,fc.0.bias,0.022131703794002533,0.003969269338995218
3,fc.3.weight,-0.015237892046570778,0.011225100606679916
3,fc.3.bias,0.06257545202970505,0.0
4,lstm.weight_ih_l0,0.0033853217028081417,0.008796927519142628
4,lstm.weight_hh_l0,0.00015911852824501693,0.004842665977776051
4,lstm.bias_ih_l0,0.002247138414531946,0.005334319546818733
4,lstm.bias_hh_l0,0.008074496872723103,0.004782836884260178
4,lstm.weight_ih_l1,0.00043785423622466624,0.0056204525753855705
4,lstm.weight_hh_l1,0.0012316354550421238,0.005131131038069725
4,lstm.bias_ih_l1,0.01261464599519968,0.0051481337286531925
4,lstm.bias_hh_l1,0.009021846577525139,0.00506166648119688
4,fc.0.weight,-0.0003537415759637952,0.005613853223621845
4,fc.0.bias,0.021771499887108803,0.003973633982241154
4,fc.3.weight,-0.015198839828372002,0.011250413954257965
4,fc.3.bias,0.07105731964111328,0.0
5,lstm.weight_ih_l0,0.005001606419682503,0.009265693835914135
5,lstm.weight_hh_l0,0.0002210683305747807,0.004666830878704786
5,lstm.bias_ih_l0,0.0014419169165194035,0.005293000489473343
5,lstm.bias_hh_l0,0.007217854261398315,0.004740084987133741
5,lstm.weight_ih_l1,0.00036111060762777925,0.00558831449598074
5,lstm.weight_hh_l1,0.000977180665358901,0.004976919386535883
5,lstm.bias_ih_l1,0.01182690728455782,0.005129266995936632
5,lstm.bias_hh_l1,0.00825752504169941,0.0050287190824747086
5,fc.0.weight,-0.00048160302685573697,0.005678297020494938
5,fc.0.bias,0.02196381986141205,0.003926355391740799
5,fc.3.weight,-0.015056826174259186,0.011298720724880695
5,fc.3.bias,0.07889103889465332,0.0
6,lstm.weight_ih_l0,0.005774891935288906,0.009688608348369598
6,lstm.weight_hh_l0,0.0002483645221218467,0.00448113027960062
6,lstm.bias_ih_l0,0.0007315437542274594,0.0052436720579862595
6,lstm.bias_hh_l0,0.006453199312090874,0.004704936407506466
6,lstm.weight_ih_l1,0.000556190381757915,0.005562709644436836
6,lstm.weight_hh_l1,0.0007771452073939145,0.00483610387891531
6,lstm.bias_ih_l1,0.010950878262519836,0.0051065366715192795
6,lstm.bias_hh_l1,0.007407515309751034,0.005003803409636021
6,fc.0.weight,-0.0006900668959133327,0.0057156747207045555
6,fc.0.bias,0.02230403758585453,0.00398645456880331
6,fc.3.weight,-0.015526801347732544,0.011267784982919693
6,fc.3.bias,0.08562877774238586,0.0
7,lstm.weight_ih_l0,0.007645898498594761,0.010201144963502884
7,lstm.weight_hh_l0,0.0004006320668850094,0.004347161389887333
7,lstm.bias_ih_l0,0.0010516506154090166,0.005199904087930918
7,lstm.bias_hh_l0,0.006716073490679264,0.004660063423216343
7,lstm.weight_ih_l1,0.0008130258647724986,0.0055276332423090935
7,lstm.weight_hh_l1,0.0007058289484120905,0.004680069163441658
7,lstm.bias_ih_l1,0.011178813874721527,0.005092600826174021
7,lstm.bias_hh_l1,0.007664025295525789,0.004980895668268204
7,fc.0.weight,-0.0008344755624420941,0.005832296796143055
7,fc.0.bias,0.023549450561404228,0.003941980190575123
7,fc.3.weight,-0.014948959462344646,0.011461496353149414
7,fc.3.bias,0.09311743080615997,0.0
8,lstm.weight_ih_l0,0.008395538665354252,0.010532626882195473
8,lstm.weight_hh_l0,0.0004217309760861099,0.004171635489910841
8,lstm.bias_ih_l0,3.3499207347631454e-05,0.005178235471248627
8,lstm.bias_hh_l0,0.005639183335006237,0.004657442681491375
8,lstm.weight_ih_l1,0.000612858624663204,0.0054760463535785675
8,lstm.weight_hh_l1,0.0005254122661426663,0.004524430260062218
8,lstm.bias_ih_l1,0.010152112692594528,0.005076026543974876
8,lstm.bias_hh_l1,0.006667676847428083,0.004955607932060957
8,fc.0.weight,-0.0010146592976525426,0.005874187685549259
8,fc.0.bias,0.02445363625884056,0.00392550602555275
8,fc.3.weight,-0.01506054401397705,0.011448509991168976
8,fc.3.bias,0.09667912125587463,0.0
9,lstm.weight_ih_l0,0.009318995289504528,0.011110762134194374
9,lstm.weight_hh_l0,0.0005150887882336974,0.004045078530907631
9,lstm.bias_ih_l0,2.714991569519043e-05,0.005145781207829714
9,lstm.bias_hh_l0,0.005573052912950516,0.004636076744645834
9,lstm.weight_ih_l1,0.00038913561729714274,0.005511204246431589
9,lstm.weight_hh_l1,0.000586868089158088,0.0043948618695139885
9,lstm.bias_ih_l1,0.010002611204981804,0.005038476083427668
9,lstm.bias_hh_l1,0.006550803314894438,0.004907945170998573
9,fc.0.weight,-0.0010516286129131913,0.005981968715786934
9,fc.0.bias,0.024325663223862648,0.003967051859945059
9,fc.3.weight,-0.014596531167626381,0.01161881908774376
9,fc.3.bias,0.1027015745639801,0.0
10,lstm.weight_ih_l0,0.009207876399159431,0.011359809897840023
10,lstm.weight_hh_l0,0.0005264368373900652,0.0038898102939128876
10,lstm.bias_ih_l0,-0.0007215130608528852,0.005110889207571745
10,lstm.bias_hh_l0,0.004764746408909559,0.004614522214978933
10,lstm.weight_ih_l1,0.000580427935346961,0.0054298220202326775
10,lstm.weight_hh_l1,0.0002921923587564379,0.00423880759626627
10,lstm.bias_ih_l1,0.008263856172561646,0.005012474022805691
10,lstm.bias_hh_l1,0.00484616169705987,0.004877092316746712
10,fc.0.weight,-0.0014536273665726185,0.006031481549143791
10,fc.0.bias,0.02528015710413456,0.0038387328386306763
10,fc.3.weight,-0.015312813222408295,0.011605591513216496
10,fc.3.bias,0.10369141399860382,0.0
11,lstm.weight_ih_l0,0.01000596396625042,0.01192216482013464
11,lstm.weight_hh_l0,0.0005581824807450175,0.0038140190299600363
11,lstm.bias_ih_l0,-0.001150897704064846,0.005062069743871689
11,lstm.bias_hh_l0,0.004274993669241667,0.004628472961485386
11,lstm.weight_ih_l1,0.0004538011853583157,0.005453180521726608
11,lstm.weight_hh_l1,0.0001669142220634967,0.004126382060348988
11,lstm.bias_ih_l1,0.007674533873796463,0.004963432438671589
11,lstm.bias_hh_l1,0.00429349672049284,0.004808940924704075
11,fc.0.weight,-0.001391457743011415,0.006099718622863293
11,fc.0.bias,0.02574916183948517,0.0038896347396075726
11,fc.3.weight,-0.015137591399252415,0.011772715486586094
11,fc.3.bias,0.11018534004688263,0.0
12,lstm.weight_ih_l0,0.01114696729928255,0.01218494400382042
12,lstm.weight_hh_l0,0.0006480995798483491,0.0036667734384536743
12,lstm.bias_ih_l0,-0.0010876378510147333,0.005058262962847948
12,lstm.bias_hh_l0,0.004277466330677271,0.0046129124239087105
12,lstm.weight_ih_l1,0.0005792930023744702,0.005405445117503405
12,lstm.weight_hh_l1,0.00018845926388166845,0.003989085555076599
12,lstm.bias_ih_l1,0.007107573561370373,0.004930551163852215
12,lstm.bias_hh_l1,0.003766452893614769,0.004775427747517824
12,fc.0.weight,-0.0015904197935014963,0.006167751736938953
12,fc.0.bias,0.026038870215415955,0.003873838810250163
12,fc.3.weight,-0.015045976266264915,0.011857336387038231
12,fc.3.bias,0.11251087486743927,0.0
13,lstm.weight_ih_l0,0.011332524009048939,0.01243477314710617
13,lstm.weight_hh_l0,0.0005876787472516298,0.0035314809065312147
13,lstm.bias_ih_l0,-0.0014498834498226643,0.0050538070499897
13,lstm.bias_hh_l0,0.0038552316837012768,0.004562074784189463
13,lstm.weight_ih_l1,0.0003111791447736323,0.005306757055222988
13,lstm.weight_hh_l1,-4.9007161578629166e-05,0.00386986555531621
13,lstm.bias_ih_l1,0.006126011721789837,0.004904390312731266
13,lstm.bias_hh_l1,0.0028282147832214832,0.004745692480355501
13,fc.0.weight,-0.0020856731571257114,0.00631067156791687
13,fc.0.bias,0.028315970674157143,0.003832829650491476
13,fc.3.weight,-0.01756046712398529,0.01190384291112423
13,fc.3.bias,0.11793768405914307,0.0
14,lstm.weight_ih_l0,0.011861694976687431,0.012849479913711548
14,lstm.weight_hh_l0,0.0006464779726229608,0.003428218187764287
14,lstm.bias_ih_l0,-0.0013415850698947906,0.00505700521171093
14,lstm.bias_hh_l0,0.003904685378074646,0.004575326573103666
14,lstm.weight_ih_l1,0.00035314064007252455,0.005323311779648066
14,lstm.weight_hh_l1,0.00010239568655379117,0.003753155004233122
14,lstm.bias_ih_l1,0.005967590492218733,0.004836388863623142
14,lstm.bias_hh_l1,0.002717878669500351,0.004705546889454126
14,fc.0.weight,-0.002267154399305582,0.00646701967343688
14,fc.0.bias,0.028714874759316444,0.003833350958302617
14,fc.3.weight,-0.01795288920402527,0.012151651084423065
14,fc.3.bias,0.12436553835868835,0.0
15,lstm.weight_ih_l0,0.012839086353778839,0.013137808069586754
15,lstm.weight_hh_l0,0.0006703287945128977,0.003336054738610983
15,lstm.bias_ih_l0,-0.0017074542120099068,0.0050565265119075775
15,lstm.bias_hh_l0,0.0034805028699338436,0.004569882061332464
15,lstm.weight_ih_l1,0.00015990735846571624,0.005228198133409023
15,lstm.weight_hh_l1,-2.714106085477397e-05,0.003629552200436592
15,lstm.bias_ih_l1,0.004882576409727335,0.004799230955541134
15,lstm.bias_hh_l1,0.001685800263658166,0.0046639456413686275
15,fc.0.weight,-0.0023742620833218098,0.006480430252850056
15,fc.0.bias,0.028979189693927765,0.0039086127653717995
15,fc.3.weight,-0.017318908125162125,0.012130074203014374
15,fc.3.bias,0.12975122034549713,0.0
16,lstm.weight_ih_l0,0.012941097840666771,0.01341218315064907
16,lstm.weight_hh_l0,0.0006240305956453085,0.0032099958043545485
16,lstm.bias_ih_l0,-0.0013660965487360954,0.005028903484344482
16,lstm.bias_hh_l0,0.0037650158628821373,0.004525871016085148
16,lstm.weight_ih_l1,-0.00016460934421047568,0.00518085015937686
16,lstm.weight_hh_l1,-0.0001453325676266104,0.003539647441357374
16,lstm.bias_ih_l1,0.004756058566272259,0.004745900630950928
16,lstm.bias_hh_l1,0.0016170456074178219,0.004630119074136019
16,fc.0.weight,-0.0023502083495259285,0.006517276167869568
16,fc.0.bias,0.029852570965886116,0.003984435461461544
16,fc.3.weight,-0.01752689853310585,0.012221752665936947
16,fc.3.bias,0.13737790286540985,0.0
17,lstm.weight_ih_l0,0.014640282839536667,0.013637860305607319
17,lstm.weight_hh_l0,0.0007549214060418308,0.00311633781529963
17,lstm.bias_ih_l0,-0.001057653222233057,0.005045199766755104
17,lstm.bias_hh_l0,0.004017386585474014,0.0045706406235694885
17,lstm.weight_ih_l1,0.0001700651046121493,0.005159936845302582
17,lstm.weight_hh_l1,1.1392694432288408e-07,0.003426596289500594
17,lstm.bias_ih_l1,0.004398379474878311,0.004701503086835146
17,lstm.bias_hh_l1,0.001323495409451425,0.004571933299303055
17,fc.0.weight,-0.0023236775305122137,0.006571710109710693
17,fc.0.bias,0.029310401529073715,0.003827202133834362
17,fc.3.weight,-0.017117217183113098,0.012354239821434021
17,fc.3.bias,0.14176562428474426,0.0
18,lstm.weight_ih_l0,0.015748444944620132,0.013937132433056831
18,lstm.weight_hh_l0,0.000697875686455518,0.0030554221011698246
18,lstm.bias_ih_l0,-0.0010798950679600239,0.004977253265678883
18,lstm.bias_hh_l0,0.0039417436346411705,0.00461204256862402
18,lstm.weight_ih_l1,8.597194391768426e-05,0.005081134382635355
18,lstm.weight_hh_l1,-4.5939166739117354e-05,0.0033145793713629246
18,lstm.bias_ih_l1,0.003912662155926228,0.004650439601391554
18,lstm.bias_hh_l1,0.0009064095793291926,0.004528798162937164
18,fc.0.weight,-0.002444487065076828,0.0066180056892335415
18,fc.0.bias,0.029233373701572418,0.0037340966518968344
18,fc.3.weight,-0.01741170510649681,0.012465727515518665
18,fc.3.bias,0.14695096015930176,0.0
19,lstm.weight_ih_l0,0.016362488269805908,0.014318537898361683
19,lstm.weight_hh_l0,0.0007279899436980486,0.002953919814899564
19,lstm.bias_ih_l0,-0.0007154259365051985,0.005009784363210201
19,lstm.bias_hh_l0,0.004261158872395754,0.004540636204183102
19,lstm.weight_ih_l1,0.0005338022019714117,0.005122492089867592
19,lstm.weight_hh_l1,0.0001220959093188867,0.0032163658179342747
19,lstm.bias_ih_l1,0.004133871290832758,0.004597117193043232
19,lstm.bias_hh_l1,0.0012007348705083132,0.0045015644282102585
19,fc.0.weight,-0.0021060260478407145,0.006673065479844809
19,fc.0.bias,0.030723828822374344,0.0037308158352971077
19,fc.3.weight,-0.016488641500473022,0.012654012069106102
19,fc.3.bias,0.14632457494735718,0.0
20,lstm.weight_ih_l0,0.018079819157719612,0.014449911192059517
20,lstm.weight_hh_l0,0.0008226946811191738,0.002885950729250908
20,lstm.bias_ih_l0,-0.0011210301890969276,0.005011562258005142
20,lstm.bias_hh_l0,0.0038152714259922504,0.004629778675734997
20,lstm.weight_ih_l1,0.0008294495055451989,0.005071325693279505
20,lstm.weight_hh_l1,-4.9114365538116544e-05,0.0031240759417414665
20,lstm.bias_ih_l1,0.00358077185228467,0.004559716209769249
20,lstm.bias_hh_l1,0.0007251733914017677,0.004452525172382593
20,fc.0.weight,-0.002133671659976244,0.006727105472236872
20,fc.0.bias,0.030695585533976555,0.0035649091005325317
20,fc.3.weight,-0.016581617295742035,0.012811362743377686
20,fc.3.bias,0.14988206326961517,0.0
21,lstm.weight_ih_l0,0.019548526033759117,0.014565475285053253
21,lstm.weight_hh_l0,0.0008856231579557061,0.0027509566862136126
21,lstm.bias_ih_l0,-0.001737901708111167,0.005076718516647816
21,lstm.bias_hh_l0,0.0031610149890184402,0.0046378145925700665
21,lstm.weight_ih_l1,0.0008034246857278049,0.005070485640317202
21,lstm.weight_hh_l1,-6.975000724196434e-05,0.0030510625801980495
21,lstm.bias_ih_l1,0.002012284006923437,0.004549064207822084
21,lstm.bias_hh_l1,-0.0007612209301441908,0.004435987211763859
21,fc.0.weight,-0.0021966060157865286,0.006631729658693075
21,fc.0.bias,0.031293343752622604,0.003540372010320425
21,fc.3.weight,-0.016113337129354477,0.012785134837031364
21,fc.3.bias,0.15566934645175934,0.0
22,lstm.weight_ih_l0,0.018908187747001648,0.015208214521408081
22,lstm.weight_hh_l0,0.0006476062117144465,0.0027286624535918236
22,lstm.bias_ih_l0,-0.0025418633595108986,0.005132232792675495
22,lstm.bias_hh_l0,0.00232126796618104,0.004724155645817518
22,lstm.weight_ih_l1,0.000645600026473403,0.005055491346865892
22,lstm.weight_hh_l1,-0.00042062296415679157,0.0029758780729025602
22,lstm.bias_ih_l1,0.0013643796555697918,0.004484799690544605
22,lstm.bias_hh_l1,-0.0013228929601609707,0.004399984143674374
22,fc.0.weight,-0.0022855079732835293,0.0067009408958256245
22,fc.0.bias,0.03233503922820091,0.003452911274507642
22,fc.3.weight,-0.01651928946375847,0.01290527731180191
22,fc.3.bias,0.1616932451725006,0.0
23,lstm.weight_ih_l0,0.01819790154695511,0.015461042523384094
23,lstm.weight_hh_l0,0.0004418741737026721,0.0026460648514330387
23,lstm.bias_ih_l0,-0.003793678479269147,0.005244031548500061
23,lstm.bias_hh_l0,0.001036040484905243,0.004751991014927626
23,lstm.weight_ih_l1,0.00027229852275922894,0.004995723254978657
23,lstm.weight_hh_l1,-0.0006015283870510757,0.0029191949870437384
23,lstm.bias_ih_l1,-0.0002374041359871626,0.004502498544752598
23,lstm.bias_hh_l1,-0.0028337188996374607,0.004383462481200695
23,fc.0.weight,-0.0024135401472449303,0.006733602844178677
23,fc.0.bias,0.032632455229759216,0.003436561208218336
23,fc.3.weight,-0.017294753342866898,0.012996256351470947
23,fc.3.bias,0.16352444887161255,0.0
24,lstm.weight_ih_l0,0.01899024471640587,0.01553344540297985
24,lstm.weight_hh_l0,0.0005469191819429398,0.0025997222401201725
24,lstm.bias_ih_l0,-0.003296205773949623,0.005238705780357122
24,lstm.bias_hh_l0,0.001516156829893589,0.004734083544462919
24,lstm.weight_ih_l1,0.00046868700883351266,0.0049424972385168076
24,lstm.weight_hh_l1,-0.0004730581131298095,0.00285515608265996
24,lstm.bias_ih_l1,-0.0003138462780043483,0.004467729479074478
24,lstm.bias_hh_l1,-0.0028623403050005436,0.004354018252342939
24,fc.0.weight,-0.002301753731444478,0.006703486666083336
24,fc.0.bias,0.03339781612157822,0.003402352100238204
24,fc.3.weight,-0.016710001975297928,0.012997863814234734
24,fc.3.bias,0.1638004183769226,0.0
25,lstm.weight_ih_l0,0.019997235387563705,0.015614191070199013
25,lstm.weight_hh_l0,0.0006659595528617501,0.0025365937035530806
25,lstm.bias_ih_l0,-0.0023352066054940224,0.00516718253493309
25,lstm.bias_hh_l0,0.0024582911282777786,0.004683868959546089
25,lstm.weight_ih_l1,0.0005590311484411359,0.004944725893437862
25,lstm.weight_hh_l1,-0.00029929852462373674,0.0027984643820673227
25,lstm.bias_ih_l1,0.00023956358199939132,0.004424464888870716
25,lstm.bias_hh_l1,-0.002257874235510826,0.004307763185352087
25,fc.0.weight,-0.002129634376615286,0.006719706114381552
25,fc.0.bias,0.03366198018193245,0.0033486909233033657
25,fc.3.weight,-0.01622803322970867,0.013074382208287716
25,fc.3.bias,0.1645883321762085,0.0
26,lstm.weight_ih_l0,0.020429547876119614,0.01569073647260666
26,lstm.weight_hh_l0,0.0006890054792165756,0.002488776808604598
26,lstm.bias_ih_l0,-0.0020589041523635387,0.005148664582520723
26,lstm.bias_hh_l0,0.0027148728258907795,0.004695801995694637
26,lstm.weight_ih_l1,0.00020902141113765538,0.004883072338998318
26,lstm.weight_hh_l1,-0.00044626087765209377,0.002761505078524351
26,lstm.bias_ih_l1,6.833870429545641e-06,0.004388544708490372
26,lstm.bias_hh_l1,-0.0024361982941627502,0.004280124790966511
26,fc.0.weight,-0.0021713334135711193,0.006699749268591404
26,fc.0.bias,0.03395257145166397,0.0032736773137003183
26,fc.3.weight,-0.01643896847963333,0.01312391459941864
26,fc.3.bias,0.16571283340454102,0.0
27,lstm.weight_ih_l0,0.02102159708738327,0.01581895910203457
27,lstm.weight_hh_l0,0.0007119880174286664,0.0024709017015993595
27,lstm.bias_ih_l0,-0.0019393786787986755,0.005144793540239334
27,lstm.bias_hh_l0,0.0028143543750047684,0.0047275531105697155
27,lstm.weight_ih_l1,0.00012263805547263473,0.0048194159753620625
27,lstm.weight_hh_l1,-0.00024289294378831983,0.002696608193218708
27,lstm.bias_ih_l1,-0.00019866996444761753,0.004360834136605263
27,lstm.bias_hh_l1,-0.0025823721662163734,0.004263544455170631
27,fc.0.weight,-0.002124633640050888,0.006697170436382294
27,fc.0.bias,0.03456421196460724,0.003277529962360859
27,fc.3.weight,-0.015863826498389244,0.013116326183080673
27,fc.3.bias,0.1675984263420105,0.0
28,lstm.weight_ih_l0,0.02206609770655632,0.015955202281475067
28,lstm.weight_hh_l0,0.0007959484937600791,0.0024110162630677223
28,lstm.bias_ih_l0,-0.0008698133751749992,0.005144692026078701
28,lstm.bias_hh_l0,0.0038642771542072296,0.004717114847153425
28,lstm.weight_ih_l1,0.00011962020653299987,0.004836537875235081
28,lstm.weight_hh_l1,-0.0002913739299401641,0.0026642109733074903
28,lstm.bias_ih_l1,0.00026862008962780237,0.004329255782067776
28,lstm.bias_hh_l1,-0.0020502223633229733,0.004223178140819073
28,fc.0.weight,-0.0021235980093479156,0.006737269461154938
28,fc.0.bias,0.03448671102523804,0.003281695069745183
28,fc.3.weight,-0.01590746082365513,0.013245655223727226
28,fc.3.bias,0.16749462485313416,0.0
29,lstm.weight_ih_l0,0.022418294101953506,0.01607649028301239
29,lstm.weight_hh_l0,0.0007632686756551266,0.002378165954723954
29,lstm.bias_ih_l0,-0.000753606203943491,0.005150652024894953
29,lstm.bias_hh_l0,0.003961872309446335,0.004747876897454262
29,lstm.weight_ih_l1,-2.0833685994148254e-06,0.004816044121980667
29,lstm.weight_hh_l1,-0.0001964760449482128,0.0026052461471408606
29,lstm.bias_ih_l1,0.00029263197211548686,0.004293049685657024
29,lstm.bias_hh_l1,-0.001958386041224003,0.004188534803688526
29,fc.0.weight,-0.00208559213206172,0.006773995701223612
29,fc.0.bias,0.03483928367495537,0.003232773393392563
29,fc.3.weight,-0.015883034095168114,0.013396668247878551
29,fc.3.bias,0.16687628626823425,0.0
30,lstm.weight_ih_l0,0.023708127439022064,0.016095636412501335
30,lstm.weight_hh_l0,0.0008349419804289937,0.0023180730640888214
30,lstm.bias_ih_l0,-0.0002613076940178871,0.0051587410271167755
30,lstm.bias_hh_l0,0.0044368719682097435,0.004729774780571461
30,lstm.weight_ih_l1,-7.151142199290916e-05,0.00477044889703393
30,lstm.weight_hh_l1,-0.0003060541639570147,0.002567412331700325
30,lstm.bias_ih_l1,-5.3397438023239374e-05,0.004272039048373699
30,lstm.bias_hh_l1,-0.0022348228376358747,0.004150348715484142
30,fc.0.weight,-0.0019818611908704042,0.006713234819471836
30,fc.0.bias,0.03513181209564209,0.003186567919328809
30,fc.3.weight,-0.015626853331923485,0.013350380584597588
30,fc.3.bias,0.16616706550121307,0.0
31,lstm.weight_ih_l0,0.023748287931084633,0.016105737537145615
31,lstm.weight_hh_l0,0.0007669006008654833,0.0022821766324341297
31,lstm.bias_ih_l0,-0.0007378449663519859,0.0051418268121778965
31,lstm.bias_hh_l0,0.00394351314753294,0.004726582206785679
31,lstm.weight_ih_l1,-0.00018293788889423013,0.004712990485131741
31,lstm.weight_hh_l1,-0.00028108753031119704,0.002517296466976404
31,lstm.bias_ih_l1,-0.0003162309294566512,0.004242529161274433
31,lstm.bias_hh_l1,-0.0024257879704236984,0.0041035497561097145
31,fc.0.weight,-0.0019434719579294324,0.006691565737128258
31,fc.0.bias,0.03548183664679527,0.0031402858439832926
31,fc.3.weight,-0.015601541846990585,0.013347921893000603
31,fc.3.bias,0.16861167550086975,0.0
32,lstm.weight_ih_l0,0.023945413529872894,0.016305703669786453
32,lstm.weight_hh_l0,0.0007195483194664121,0.0022521610371768475
32,lstm.bias_ih_l0,-0.00035072630271315575,0.005193300545215607
32,lstm.bias_hh_l0,0.004314608871936798,0.00478267390280962
32,lstm.weight_ih_l1,1.5709294530097395e-05,0.0047161513939499855
32,lstm.weight_hh_l1,-0.0002452343760523945,0.0024729669094085693
32,lstm.bias_ih_l1,9.968585800379515e-05,0.004198982380330563
32,lstm.bias_hh_l1,-0.0019373297691345215,0.004032386466860771
32,fc.0.weight,-0.0019829808734357357,0.006774163339287043
32,fc.0.bias,0.03558952361345291,0.003066153032705188
32,fc.3.weight,-0.015712279826402664,0.013469425961375237
32,fc.3.bias,0.16836200654506683,0.0
33,lstm.weight_ih_l0,0.024207398295402527,0.01620514690876007
33,lstm.weight_hh_l0,0.0006683816318400204,0.0022131616715341806
33,lstm.bias_ih_l0,-0.0009482349269092083,0.005248154513537884
33,lstm.bias_hh_l0,0.003702632151544094,0.004831882659345865
33,lstm.weight_ih_l1,-0.00011311969865346327,0.004596957936882973
33,lstm.weight_hh_l1,-0.0003966629155911505,0.0024271428119391203
33,lstm.bias_ih_l1,-0.001023131306283176,0.00419318862259388
33,lstm.bias_hh_l1,-0.0029869023710489273,0.004033048637211323
33,fc.0.weight,-0.0020956979133188725,0.006711279042065144
33,fc.0.bias,0.03588716685771942,0.003022404620423913
33,fc.3.weight,-0.015855565667152405,0.013411757536232471
33,fc.3.bias,0.16908693313598633,0.0
34,lstm.weight_ih_l0,0.023524947464466095,0.016291623935103416
34,lstm.weight_hh_l0,0.0005990990903228521,0.00216270936653018
34,lstm.bias_ih_l0,-0.0010894513688981533,0.005242474377155304
34,lstm.bias_hh_l0,0.003548775799572468,0.004824204836040735
34,lstm.weight_ih_l1,-0.0004554404877126217,0.004585493355989456
34,lstm.weight_hh_l1,-0.0003091458056587726,0.0023944906424731016
34,lstm.bias_ih_l1,-0.0006592684076167643,0.004173761233687401
34,lstm.bias_hh_l1,-0.0025500180199742317,0.004003075882792473
34,fc.0.weight,-0.002049278002232313,0.006688758730888367
34,fc.0.bias,0.03660646080970764,0.002968807704746723
34,fc.3.weight,-0.015589471906423569,0.013497314415872097
34,fc.3.bias,0.1696126013994217,0.0
35,lstm.weight_ih_l0,0.024169541895389557,0.016479704529047012
35,lstm.weight_hh_l0,0.0006132331327535212,0.0021230976562947035
35,lstm.bias_ih_l0,-0.0005991104990243912,0.005289997905492783
35,lstm.bias_hh_l0,0.004026382230222225,0.004854325205087662
35,lstm.weight_ih_l1,-0.0005092071369290352,0.0045600514858961105
35,lstm.weight_hh_l1,-0.00026145525043830276,0.0023513766936957836
35,lstm.bias_ih_l1,-0.0005571330548264086,0.0041444324888288975
35,lstm.bias_hh_l1,-0.0023760353215038776,0.003958975896239281
35,fc.0.weight,-0.00197226251475513,0.006673670373857021
35,fc.0.bias,0.03683478385210037,0.002986401552334428
35,fc.3.weight,-0.015084680169820786,0.013547873124480247
35,fc.3.bias,0.17314206063747406,0.0
36,lstm.weight_ih_l0,0.024199891835451126,0.016607966274023056
36,lstm.weight_hh_l0,0.0005823825486004353,0.0020932562183588743
36,lstm.bias_ih_l0,-0.00036152033135294914,0.005273944232612848
36,lstm.bias_hh_l0,0.0042499396950006485,0.0048823668621480465
36,lstm.weight_ih_l1,-0.0005478727398440242,0.004532386548817158
36,lstm.weight_hh_l1,-0.00025311572244390845,0.0023053947370499372
36,lstm.bias_ih_l1,-0.00018858147086575627,0.004098212346434593
36,lstm.bias_hh_l1,-0.0019354133401066065,0.003926536999642849
36,fc.0.weight,-0.0021050546783953905,0.006732321344316006
36,fc.0.bias,0.03797914832830429,0.0029548369348049164
36,fc.3.weight,-0.01525789126753807,0.01364867389202118
36,fc.3.bias,0.17497484385967255,0.0
37,lstm.weight_ih_l0,0.02488717995584011,0.016629867255687714
37,lstm.weight_hh_l0,0.0006273254402913153,0.002048950642347336
37,lstm.bias_ih_l0,-0.00019510509446263313,0.005345581099390984
37,lstm.bias_hh_l0,0.004401569254696369,0.004917156416922808
37,lstm.weight_ih_l1,-0.0007171467877924442,0.004476269707083702
37,lstm.weight_hh_l1,-0.00026716251159086823,0.00227017467841506
37,lstm.bias_ih_l1,-0.0005237230216152966,0.004072661977261305
37,lstm.bias_hh_l1,-0.002196969697251916,0.003885224461555481
37,fc.0.weight,-0.0020640138536691666,0.006715910043567419
37,fc.0.bias,0.03799043595790863,0.0029012670274823904
37,fc.3.weight,-0.015248273499310017,0.013601133599877357
37,fc.3.bias,0.17309676110744476,0.0
38,lstm.weight_ih_l0,0.024961434304714203,0.016764599829912186
38,lstm.weight_hh_l0,0.0005513537907972932,0.0020303442142903805
38,lstm.bias_ih_l0,-0.0005881027318537235,0.0053764889016747475
38,lstm.bias_hh_l0,0.003992494661360979,0.00499709090217948
38,lstm.weight_ih_l1,-0.0006213266169652343,0.004462667740881443
38,lstm.weight_hh_l1,-0.00018923080642707646,0.0022275878582149744
38,lstm.bias_ih_l1,-0.00045429999590851367,0.004028883296996355
38,lstm.bias_hh_l1,-0.0020538680255413055,0.003862238023430109
38,fc.0.weight,-0.0019943935330957174,0.006760081276297569
38,fc.0.bias,0.03839052468538284,0.0028649058658629656
38,fc.3.weight,-0.01496561523526907,0.013675365597009659
38,fc.3.bias,0.17231576144695282,0.0
39,lstm.weight_ih_l0,0.025200780481100082,0.016720009967684746
39,lstm.weight_hh_l0,0.0005549929337576032,0.0019825345370918512
39,lstm.bias_ih_l0,-0.0005872193723917007,0.0053311912342906
39,lstm.bias_hh_l0,0.003977595828473568,0.005021076649427414
39,lstm.weight_ih_l1,-0.0009664392564445734,0.004361358936876059
39,lstm.weight_hh_l1,-0.00035497330827638507,0.002205980708822608
39,lstm.bias_ih_l1,-0.0009463956230320036,0.004038612358272076
39,lstm.bias_hh_l1,-0.002472581807523966,0.0038491454906761646
39,fc.0.weight,-0.0022226646542549133,0.00668932031840086
39,fc.0.bias,0.03941834717988968,0.002826441079378128
39,fc.3.weight,-0.01512821763753891,0.013632277026772499
39,fc.3.bias,0.1724853515625,0.0
40,lstm.weight_ih_l0,0.025465045124292374,0.017018910497426987
40,lstm.weight_hh_l0,0.0005063422722741961,0.001972634345293045
40,lstm.bias_ih_l0,-0.0004900475032627583,0.005387893877923489
40,lstm.bias_hh_l0,0.0040610311552882195,0.005019643343985081
40,lstm.weight_ih_l1,-0.0009300445672124624,0.0043436940759420395
40,lstm.weight_hh_l1,-0.00027120744925923645,0.0021582921035587788
40,lstm.bias_ih_l1,-0.0008282628259621561,0.004005675669759512
40,lstm.bias_hh_l1,-0.0022819149307906628,0.0038172707427293062
40,fc.0.weight,-0.0020975759252905846,0.006689694710075855
40,fc.0.bias,0.04005349427461624,0.0027615828439593315
40,fc.3.weight,-0.014631422236561775,0.013727651908993721
40,fc.3.bias,0.17286249995231628,0.0
41,lstm.weight_ih_l0,0.026118328794836998,0.01715908944606781
41,lstm.weight_hh_l0,0.000486591859953478,0.001944222254678607
41,lstm.bias_ih_l0,-0.0002761012874543667,0.005436647683382034
41,lstm.bias_hh_l0,0.004262012429535389,0.005060642957687378
41,lstm.weight_ih_l1,-0.0008248345693573356,0.00434598745778203
41,lstm.weight_hh_l1,-0.00024767121067270637,0.0021249919664114714
41,lstm.bias_ih_l1,-0.0008713498245924711,0.003977835178375244
41,lstm.bias_hh_l1,-0.002253091661259532,0.003785508219152689
41,fc.0.weight,-0.002131223911419511,0.006722528487443924
41,fc.0.bias,0.04025587439537048,0.00269558047875762
41,fc.3.weight,-0.014366500079631805,0.013821739703416824
41,fc.3.bias,0.1734568476676941,0.0
42,lstm.weight_ih_l0,0.026736557483673096,0.017247479408979416
42,lstm.weight_hh_l0,0.0004964480176568031,0.0018932565581053495
42,lstm.bias_ih_l0,-1.7955433577299118e-05,0.005433390848338604
42,lstm.bias_hh_l0,0.004507988691329956,0.005105683580040932
42,lstm.weight_ih_l1,-0.0009087516227737069,0.004301546141505241
42,lstm.weight_hh_l1,-0.0003173970035277307,0.002100997604429722
42,lstm.bias_ih_l1,-0.0009965196950361133,0.003956689033657312
42,lstm.bias_hh_l1,-0.002308304887264967,0.0037525855004787445
42,fc.0.weight,-0.0021217134781181812,0.006677204743027687
42,fc.0.bias,0.04006031155586243,0.0026594288647174835
42,fc.3.weight,-0.014162963256239891,0.013789819553494453
42,fc.3.bias,0.17349009215831757,0.0
43,lstm.weight_ih_l0,0.026858266443014145,0.017329666763544083
43,lstm.weight_hh_l0,0.0004422770580276847,0.0018933950923383236
43,lstm.bias_ih_l0,4.7583598643541336e-05,0.005422777030616999
43,lstm.bias_hh_l0,0.004561860114336014,0.005097419489175081
43,lstm.weight_ih_l1,-0.001010804669931531,0.00427901791408658
43,lstm.weight_hh_l1,-0.00023470015730708838,0.002056037075817585
43,lstm.bias_ih_l1,-0.0009906577179208398,0.00393825676292181
43,lstm.bias_hh_l1,-0.0022331185173243284,0.003740882035344839
43,fc.0.weight,-0.002111405599862337,0.00671017961576581
43,fc.0.bias,0.04088955372571945,0.002637266181409359
43,fc.3.weight,-0.014065852388739586,0.013900911435484886
43,fc.3.bias,0.17520193755626678,0.0
44,lstm.weight_ih_l0,0.02724376693367958,0.01732819154858589
44,lstm.weight_hh_l0,0.0004582634719554335,0.0018608446698635817
44,lstm.bias_ih_l0,0.0003483695909380913,0.005427004769444466
44,lstm.bias_hh_l0,0.004856829531490803,0.005079841241240501
44,lstm.weight_ih_l1,-0.0010719220153987408,0.004241982474923134
44,lstm.weight_hh_l1,-0.00033732206793501973,0.002047252608463168
44,lstm.bias_ih_l1,-0.0009761556866578758,0.003941291943192482
44,lstm.bias_hh_l1,-0.0021835695952177048,0.0037253049667924643
44,fc.0.weight,-0.0020780102349817753,0.006680598016828299
44,fc.0.bias,0.04107954353094101,0.0026087602600455284
44,fc.3.weight,-0.013897591270506382,0.013888450339436531
44,fc.3.bias,0.17684313654899597,0.0
45,lstm.weight_ih_l0,0.027231920510530472,0.017292935401201248
45,lstm.weight_hh_l0,0.0004537969653028995,0.001835640287026763
45,lstm.bias_ih_l0,0.0006102561019361019,0.005446408875286579
45,lstm.bias_hh_l0,0.005112860351800919,0.005101828835904598
45,lstm.weight_ih_l1,-0.0009879744611680508,0.004199419170618057
45,lstm.weight_hh_l1,-0.0003841429715976119,0.002034154487773776
45,lstm.bias_ih_l1,-0.0008346079848706722,0.003922519739717245
45,lstm.bias_hh_l1,-0.0020057442598044872,0.0037065271753817797
45,fc.0.weight,-0.002121024765074253,0.006663928739726543
45,fc.0.bias,0.041396982967853546,0.002572903875261545
45,fc.3.weight,-0.01408342458307743,0.013904871419072151
45,fc.3.bias,0.17541171610355377,0.0
46,lstm.weight_ih_l0,0.027485519647598267,0.017384033650159836
46,lstm.weight_hh_l0,0.0004299406718928367,0.001827199594117701
46,lstm.bias_ih_l0,0.0009074360132217407,0.0054343705996870995
46,lstm.bias_hh_l0,0.005403846502304077,0.0050894953310489655
46,lstm.weight_ih_l1,-0.00093933375319466,0.004211106337606907
46,lstm.weight_hh_l1,-0.0002354888420086354,0.0020072911866009235
46,lstm.bias_ih_l1,-0.00019357097335159779,0.0038790679536759853
46,lstm.bias_hh_l1,-0.0013272013748064637,0.0036658570170402527
46,fc.0.weight,-0.0020665409974753857,0.006705318111926317
46,fc.0.bias,0.04149546101689339,0.0025504864752292633
46,fc.3.weight,-0.013795285485684872,0.013989240862429142
46,fc.3.bias,0.17702583968639374,0.0
47,lstm.weight_ih_l0,0.02774529531598091,0.017356980592012405
47,lstm.weight_hh_l0,0.0004251605423633009,0.0018019359558820724
47,lstm.bias_ih_l0,0.001033497042953968,0.0054562692530453205
47,lstm.bias_hh_l0,0.005523390136659145,0.005114690400660038
47,lstm.weight_ih_l1,-0.0011552469804883003,0.004154472146183252
47,lstm.weight_hh_l1,-0.0003167110844515264,0.0020017761271446943
47,lstm.bias_ih_l1,-0.00033041599090211093,0.003870681393891573
47,lstm.bias_hh_l1,-0.0014256777940317988,0.003648675512522459
47,fc.0.weight,-0.0021016851533204317,0.006653084419667721
47,fc.0.bias,0.041795868426561356,0.0025389306247234344
47,fc.3.weight,-0.01393401063978672,0.013941265642642975
47,fc.3.bias,0.17834271490573883,0.0
48,lstm.weight_ih_l0,0.02827572636306286,0.01738044060766697
48,lstm.weight_hh_l0,0.00041612095083110034,0.0017995616653934121
48,lstm.bias_ih_l0,0.0014781965874135494,0.005471308249980211
48,lstm.bias_hh_l0,0.005961618851870298,0.0050985319539904594
48,lstm.weight_ih_l1,-0.0011274861171841621,0.004152270033955574
48,lstm.weight_hh_l1,-0.0002029821916949004,0.001977420412003994
48,lstm.bias_ih_l1,0.00013047904940322042,0.0038466122932732105
48,lstm.bias_hh_l1,-0.0009251676965504885,0.0036183693446218967
48,fc.0.weight,-0.0020790486596524715,0.006668040994554758
48,fc.0.bias,0.041730478405952454,0.0025060363113880157
48,fc.3.weight,-0.013692007400095463,0.013983569107949734
48,fc.3.bias,0.17898426949977875,0.0
49,lstm.weight_ih_l0,0.028716392815113068,0.017326664179563522
49,lstm.weight_hh_l0,0.0004295910184737295,0.0017678691074252129
49,lstm.bias_ih_l0,0.0016225995495915413,0.005517227575182915
49,lstm.bias_hh_l0,0.006099275313317776,0.005123812705278397
49,lstm.weight_ih_l1,-0.0009787756716832519,0.004136550240218639
49,lstm.weight_hh_l1,-6.21312647126615e-05,0.0019628286827355623
49,lstm.bias_ih_l1,0.0005716754822060466,0.0038209836930036545
49,lstm.bias_hh_l1,-0.00044307566713541746,0.003582221921533346
49,fc.0.weight,-0.00207733828574419,0.006651339121162891
49,fc.0.bias,0.042056724429130554,0.0024580848403275013
49,fc.3.weight,-0.013447601348161697,0.01396043598651886
49,fc.3.bias,0.17952734231948853,0.0
50,lstm.weight_ih_l0,0.02907523140311241,0.017394104972481728
50,lstm.weight_hh_l0,0.0004273751692380756,0.0017702580662444234
50,lstm.bias_ih_l0,0.0018967073410749435,0.005515518598258495
50,lstm.bias_hh_l0,0.006366278976202011,0.005152076482772827
50,lstm.weight_ih_l1,-0.0010722369188442826,0.004134408663958311
50,lstm.weight_hh_l1,-1.6118137864395976e-05,0.0019453188870102167
50,lstm.bias_ih_l1,0.0005636761197820306,0.0038135263603180647
50,lstm.bias_hh_l1,-0.0004093011375516653,0.003566889790818095
50,fc.0.weight,-0.0020288419909775257,0.006661335472017527
50,fc.0.bias,0.04223290830850601,0.0024406244046986103
50,fc.3.weight,-0.013291451148688793,0.014022056944668293
50,fc.3.bias,0.179695263504982,0.0
51,lstm.weight_ih_l0,0.028972303494811058,0.017442241311073303
51,lstm.weight_hh_l0,0.00037840023287571967,0.0017601681174710393
51,lstm.bias_ih_l0,0.0020423168316483498,0.0055015794932842255
51,lstm.bias_hh_l0,0.0065046073868870735,0.005160417407751083
51,lstm.weight_ih_l1,-0.0010693389922380447,0.004103562328964472
51,lstm.weight_hh_l1,-3.378168912604451e-06,0.0019237366504967213
51,lstm.bias_ih_l1,0.0008270154939964414,0.003799144411459565
51,lstm.bias_hh_l1,-0.00010312406811863184,0.0035469145514070988
51,fc.0.weight,-0.002022014232352376,0.006693716626614332
51,fc.0.bias,0.04272601008415222,0.0024441396817564964
51,fc.3.weight,-0.013475933112204075,0.014087473973631859
51,fc.3.bias,0.1780836582183838,0.0
52,lstm.weight_ih_l0,0.029123883694410324,0.01743348501622677
52,lstm.weight_hh_l0,0.0003541925398167223,0.001737726852297783
52,lstm.bias_ih_l0,0.00198592571541667,0.005537065211683512
52,lstm.bias_hh_l0,0.006441083736717701,0.005202034488320351
52,lstm.weight_ih_l1,-0.0011485100258141756,0.004087920766323805
52,lstm.weight_hh_l1,8.284448995254934e-06,0.0019038020400330424
52,lstm.bias_ih_l1,0.0009081882890313864,0.003772405441850424
52,lstm.bias_hh_l1,2.094527008011937e-05,0.003518742509186268
52,fc.0.weight,-0.001915792003273964,0.006672967225313187
52,fc.0.bias,0.04266766831278801,0.002387202810496092
52,fc.3.weight,-0.013106929138302803,0.014071408659219742
52,fc.3.bias,0.17816218733787537,0.0
53,lstm.weight_ih_l0,0.029084887355566025,0.017407458275556564
53,lstm.weight_hh_l0,0.00033552091917954385,0.0017309855902567506
53,lstm.bias_ih_l0,0.002048918977379799,0.005540135782212019
53,lstm.bias_hh_l0,0.006500520743429661,0.0052168178372085094
53,lstm.weight_ih_l1,-0.0011907443404197693,0.004063238389790058
53,lstm.weight_hh_l1,-4.444445949047804e-06,0.0018950720550492406
53,lstm.bias_ih_l1,0.001145908492617309,0.003760342951864004
53,lstm.bias_hh_l1,0.0002804987598210573,0.0035002478398382664
53,fc.0.weight,-0.001972250873222947,0.006668555550277233
53,fc.0.bias,0.042899757623672485,0.0023459303192794323
53,fc.3.weight,-0.013244371861219406,0.014070095494389534
53,fc.3.bias,0.17782144248485565,0.0
54,lstm.weight_ih_l0,0.02909674495458603,0.01741373911499977
54,lstm.weight_hh_l0,0.0003271907917223871,0.001715688849799335
54,lstm.bias_ih_l0,0.0021401098929345608,0.00556698814034462
54,lstm.bias_hh_l0,0.006588108837604523,0.00522181810811162
54,lstm.weight_ih_l1,-0.0011874146293848753,0.004051824100315571
54,lstm.weight_hh_l1,-6.635928002651781e-05,0.0018886947073042393
54,lstm.bias_ih_l1,0.0013254875084385276,0.003758159698918462
54,lstm.bias_hh_l1,0.0004827795783057809,0.003490148112177849
54,fc.0.weight,-0.001976171974092722,0.006678412668406963
54,fc.0.bias,0.04304669052362442,0.0023443331010639668
54,fc.3.weight,-0.013330023735761642,0.014080764725804329
54,fc.3.bias,0.17810995876789093,0.0
55,lstm.weight_ih_l0,0.029145605862140656,0.017405077815055847
55,lstm.weight_hh_l0,0.0003129484539385885,0.0017060886602848768
55,lstm.bias_ih_l0,0.002161683514714241,0.005569073371589184
55,lstm.bias_hh_l0,0.006605925969779491,0.005242572631686926
55,lstm.weight_ih_l1,-0.001205724896863103,0.0040381476283073425
55,lstm.weight_hh_l1,-6.864519673399627e-05,0.0018782297847792506
55,lstm.bias_ih_l1,0.0013782598543912172,0.0037480024620890617
55,lstm.bias_hh_l1,0.0005586970946751535,0.0034794658422470093
55,fc.0.weight,-0.0019556949846446514,0.006669962778687477
55,fc.0.bias,0.04307015985250473,0.0023163771256804466
55,fc.3.weight,-0.013256251811981201,0.014080415479838848
55,fc.3.bias,0.17809921503067017,0.0
56,lstm.weight_ih_l0,0.029248453676700592,0.017427081242203712
56,lstm.weight_hh_l0,0.0003046604397241026,0.0017014984041452408
56,lstm.bias_ih_l0,0.002308482304215431,0.005575729534029961
56,lstm.bias_hh_l0,0.006748870946466923,0.005245092324912548
56,lstm.weight_ih_l1,-0.0011569237103685737,0.004031049087643623
56,lstm.weight_hh_l1,-1.246218744199723e-05,0.0018682046793401241
56,lstm.bias_ih_l1,0.0016717063263058662,0.003735643345862627
56,lstm.bias_hh_l1,0.0008754701702855527,0.0034692471381276846
56,fc.0.weight,-0.001934767933562398,0.006675781682133675
56,fc.0.bias,0.04319020360708237,0.0023277155123651028
56,fc.3.weight,-0.013181967660784721,0.014103769324719906
56,fc.3.bias,0.17815740406513214,0.0
